firstimage,secondimage,rmse,psnr,fsim,ssim,uiq,sam,sre
00_Original.jpg,13_1PixelDiff.jpg,0.000386175,68.26432112,0.908546097,0.999863179,0.995570973,88.69347099,61.33953387
13_1PixelDiff.jpg,00_Original.jpg,0.000386175,68.26432112,0.908546097,0.999863179,0.995570973,88.69347099,61.33929476
10_Added_Text.jpg,14_AddedTextColor.jpg,0.000904005,60.87658528,0.910190732,0.999028931,0.990365327,88.69691762,58.63263364
14_AddedTextColor.jpg,10_Added_Text.jpg,0.000904005,60.87658528,0.910190732,0.999028931,0.990365327,88.69691762,58.62871195
10_Added_Text.jpg,13_1PixelDiff.jpg,0.001586876,55.98914031,0.996650514,0.995834382,0.976968554,88.77315477,55.96891766
13_1PixelDiff.jpg,10_Added_Text.jpg,0.001586876,55.98914031,0.996650514,0.995834382,0.976968554,88.77315477,55.9461935
00_Original.jpg,10_Added_Text.jpg,0.001632584,55.74248794,0.906938375,0.995697223,0.973225421,88.69255142,55.72968513
10_Added_Text.jpg,00_Original.jpg,0.001632584,55.74248794,0.906938375,0.995697223,0.973225421,88.69255142,55.75241269
13_1PixelDiff.jpg,14_AddedTextColor.jpg,0.001715215,55.31362895,0.909027787,0.995580914,0.973293643,88.69674583,56.41866531
14_AddedTextColor.jpg,13_1PixelDiff.jpg,0.001715215,55.31362895,0.909027787,0.995580914,0.973293643,88.69674583,56.43001469
00_Original.jpg,14_AddedTextColor.jpg,0.001724774,55.26535753,0.905373368,0.995551858,0.972151905,88.70803672,56.36145886
14_AddedTextColor.jpg,00_Original.jpg,0.001724774,55.26535753,0.905373368,0.995551858,0.972151905,88.70803672,56.37247547
09_ChangedCenter.jpg,13_1PixelDiff.jpg,0.003045936,50.32558206,0.966697444,0.994499653,0.970945919,88.77492911,52.49870583
13_1PixelDiff.jpg,09_ChangedCenter.jpg,0.003045936,50.32558206,0.966697444,0.994499653,0.970945919,88.77492911,52.39702939
00_Original.jpg,09_ChangedCenter.jpg,0.003070195,50.25668148,0.887406032,0.994365599,0.966586547,88.69704713,52.3603213
09_ChangedCenter.jpg,00_Original.jpg,0.003070195,50.25668148,0.887406032,0.994365599,0.966586547,88.69704713,52.46175794
09_ChangedCenter.jpg,10_Added_Text.jpg,0.003434173,49.28355697,0.964920899,0.99033602,0.947932922,88.77055185,52.05329637
10_Added_Text.jpg,09_ChangedCenter.jpg,0.003434173,49.28355697,0.964920899,0.99033602,0.947932922,88.77055185,51.97837349
09_ChangedCenter.jpg,14_AddedTextColor.jpg,0.003495481,49.12986044,0.886897655,0.990083051,0.94428657,88.69764942,52.0307467
14_AddedTextColor.jpg,09_ChangedCenter.jpg,0.003495481,49.12986044,0.886897655,0.990083051,0.94428657,88.69764942,51.94773658
00_Original.jpg,06_ColorLevel.jpg,0.004965654,46.08047012,0.824123846,0.982350433,0.919972637,88.72935982,50.53978338
06_ColorLevel.jpg,00_Original.jpg,0.004965654,46.08047012,0.824123846,0.982350433,0.919972637,88.72935982,50.30220171
06_ColorLevel.jpg,13_1PixelDiff.jpg,0.004966592,46.0788298,0.824557946,0.982334116,0.919842947,88.73892014,50.30165125
13_1PixelDiff.jpg,06_ColorLevel.jpg,0.004966592,46.0788298,0.824557946,0.982334116,0.919842947,88.73892014,50.53903122
01_ObjectsDiff.jpg,13_1PixelDiff.jpg,0.005089901,45.86581472,0.763895243,0.977993735,0.852659682,88.76471689,50.21368488
13_1PixelDiff.jpg,01_ObjectsDiff.jpg,0.005089901,45.86581472,0.763895243,0.977993735,0.852659682,88.76471689,50.21375208
00_Original.jpg,01_ObjectsDiff.jpg,0.005091985,45.86225752,0.76312789,0.977975063,0.852569952,88.77350176,50.21139131
01_ObjectsDiff.jpg,00_Original.jpg,0.005091985,45.86225752,0.76312789,0.977975063,0.852569952,88.77350176,50.21104283
06_ColorLevel.jpg,10_Added_Text.jpg,0.005181294,45.71123604,0.824493189,0.978721179,0.901373476,88.73823279,50.11923979
10_Added_Text.jpg,06_ColorLevel.jpg,0.005181294,45.71123604,0.824493189,0.978721179,0.901373476,88.73823279,50.36639706
06_ColorLevel.jpg,14_AddedTextColor.jpg,0.005238079,45.61656002,0.823756528,0.97813684,0.901564444,88.73062944,50.08800987
14_AddedTextColor.jpg,06_ColorLevel.jpg,0.005238079,45.61656002,0.823756528,0.97813684,0.901564444,88.73062944,50.31597462
01_ObjectsDiff.jpg,10_Added_Text.jpg,0.005329383,45.46646122,0.764024766,0.973850315,0.838388872,88.76491024,50.04304807
10_Added_Text.jpg,01_ObjectsDiff.jpg,0.005329383,45.46646122,0.764024766,0.973850315,0.838388872,88.76491024,50.06905404
01_ObjectsDiff.jpg,14_AddedTextColor.jpg,0.005357611,45.42057518,0.760791541,0.973706056,0.837192019,88.77349908,50.03155343
14_AddedTextColor.jpg,01_ObjectsDiff.jpg,0.005357611,45.42057518,0.760791541,0.973706056,0.837192019,88.77349908,50.05067358
06_ColorLevel.jpg,09_ChangedCenter.jpg,0.005895188,44.59004644,0.811709583,0.976674988,0.893907464,88.74243445,49.43709533
09_ChangedCenter.jpg,06_ColorLevel.jpg,0.005895188,44.59004644,0.811709583,0.976674988,0.893907464,88.74243445,49.70061567
01_ObjectsDiff.jpg,09_ChangedCenter.jpg,0.005953447,44.5046306,0.751917254,0.972539194,0.82639944,88.76803136,49.5227
09_ChangedCenter.jpg,01_ObjectsDiff.jpg,0.005953447,44.5046306,0.751917254,0.972539194,0.82639944,88.76803136,49.62399374
00_Original.jpg,03_Tiled.jpg,0.007078225,43.00151352,0.785274059,0.96821439,0.806660694,88.77181696,48.62798281
03_Tiled.jpg,00_Original.jpg,0.007078225,43.00151352,0.785274059,0.96821439,0.806660694,88.77181696,47.23045494
03_Tiled.jpg,13_1PixelDiff.jpg,0.00707866,43.00097946,0.786671498,0.968221709,0.80662736,88.758315,47.23026371
13_1PixelDiff.jpg,03_Tiled.jpg,0.00707866,43.00097946,0.786671498,0.968221709,0.80662736,88.758315,48.62751481
01_ObjectsDiff.jpg,06_ColorLevel.jpg,0.007104599,42.9692078,0.740686597,0.960819293,0.797363704,88.80199623,48.83664142
06_ColorLevel.jpg,01_ObjectsDiff.jpg,0.007104599,42.9692078,0.740686597,0.960819293,0.797363704,88.80199623,48.65705562
03_Tiled.jpg,10_Added_Text.jpg,0.007238721,42.80676368,0.786085413,0.965788356,0.79914503,88.75874014,47.13726457
10_Added_Text.jpg,03_Tiled.jpg,0.007238721,42.80676368,0.786085413,0.965788356,0.79914503,88.75874014,48.5634638
03_Tiled.jpg,14_AddedTextColor.jpg,0.007247556,42.79616836,0.785562255,0.965706899,0.799496005,88.77244211,47.13917637
14_AddedTextColor.jpg,03_Tiled.jpg,0.007247556,42.79616836,0.785562255,0.965706899,0.799496005,88.77244211,48.55843262
10_Added_Text.jpg,11_WithInset.jpg,0.007624475,42.35580209,0.893741222,0.962780948,0.89725969,88.75354748,48.95120884
11_WithInset.jpg,10_Added_Text.jpg,0.007624475,42.35580209,0.893741222,0.962780948,0.89725969,88.75354748,49.02511673
11_WithInset.jpg,14_AddedTextColor.jpg,0.007660229,42.31516603,0.824730911,0.962517183,0.895225054,88.68964035,48.97896875
14_AddedTextColor.jpg,11_WithInset.jpg,0.007660229,42.31516603,0.824730911,0.962517183,0.895225054,88.68964035,48.89575646
11_WithInset.jpg,13_1PixelDiff.jpg,0.007856559,42.09535364,0.890370574,0.960612382,0.895703878,88.7520371,48.95776952
13_1PixelDiff.jpg,11_WithInset.jpg,0.007856559,42.09535364,0.890370574,0.960612382,0.895703878,88.7520371,48.86251173
00_Original.jpg,11_WithInset.jpg,0.007863906,42.0872331,0.817679321,0.960506249,0.893046635,88.68103586,48.85752462
11_WithInset.jpg,00_Original.jpg,0.007863906,42.0872331,0.817679321,0.960506249,0.893046635,88.68103586,48.95249822
03_Tiled.jpg,06_ColorLevel.jpg,0.007882888,42.0662928,0.765862811,0.956986394,0.762829085,88.77124213,47.34334211
06_ColorLevel.jpg,03_Tiled.jpg,0.007882888,42.0662928,0.765862811,0.956986394,0.762829085,88.77124213,48.46273834
03_Tiled.jpg,09_ChangedCenter.jpg,0.00799349,41.94527153,0.774345502,0.962315113,0.782048503,88.76137009,46.71067569
09_ChangedCenter.jpg,03_Tiled.jpg,0.00799349,41.94527153,0.774345502,0.962315113,0.782048503,88.76137009,48.21451588
08_Grayscaled.jpg,13_1PixelDiff.jpg,0.008150169,41.77666668,0.774345179,0.933063029,0.863747284,88.20548959,48.23644816
13_1PixelDiff.jpg,08_Grayscaled.jpg,0.008150169,41.77666668,0.774345179,0.933063029,0.863747284,88.20548959,48.04219208
01_ObjectsDiff.jpg,03_Tiled.jpg,0.008150346,41.77647833,0.72418844,0.953847535,0.723989491,88.81451898,48.03435636
03_Tiled.jpg,01_ObjectsDiff.jpg,0.008150346,41.77647833,0.72418844,0.953847535,0.723989491,88.81451898,46.63321754
00_Original.jpg,08_Grayscaled.jpg,0.008150457,41.7763615,0.775202412,0.933072975,0.863529855,88.21471065,48.04227564
08_Grayscaled.jpg,00_Original.jpg,0.008150457,41.7763615,0.775202412,0.933072975,0.863529855,88.21471065,48.23621227
08_Grayscaled.jpg,14_AddedTextColor.jpg,0.008200832,41.7228413,0.774204877,0.934957758,0.853134899,88.21483398,48.21090667
14_AddedTextColor.jpg,08_Grayscaled.jpg,0.008200832,41.7228413,0.774204877,0.934957758,0.853134899,88.21483398,48.03708344
08_Grayscaled.jpg,10_Added_Text.jpg,0.008224518,41.69779066,0.774520176,0.934458485,0.85315604,88.20712198,48.20840266
10_Added_Text.jpg,08_Grayscaled.jpg,0.008224518,41.69779066,0.774520176,0.934458485,0.85315604,88.20712198,48.03377403
09_ChangedCenter.jpg,11_WithInset.jpg,0.008426202,41.48736242,0.865109278,0.955114028,0.866668293,88.74943418,48.5348891
11_WithInset.jpg,09_ChangedCenter.jpg,0.008426202,41.48736242,0.865109278,0.955114028,0.866668293,88.74943418,48.53573422
06_ColorLevel.jpg,08_Grayscaled.jpg,0.008469998,41.44233469,0.762935821,0.931971526,0.832220042,88.20574026,47.83736605
08_Grayscaled.jpg,06_ColorLevel.jpg,0.008469998,41.44233469,0.762935821,0.931971526,0.832220042,88.20574026,48.03934869
08_Grayscaled.jpg,09_ChangedCenter.jpg,0.008667846,41.24177698,0.763488493,0.928104509,0.835723494,88.20873424,47.95835374
09_ChangedCenter.jpg,08_Grayscaled.jpg,0.008667846,41.24177698,0.763488493,0.928104509,0.835723494,88.20873424,47.87344945
03_Tiled.jpg,05_Flared.jpg,0.009201757,40.72258476,0.736220141,0.933502965,0.767117605,88.31417902,46.11204777
05_Flared.jpg,03_Tiled.jpg,0.009201757,40.72258476,0.736220141,0.933502965,0.767117605,88.31417902,44.43924817
06_ColorLevel.jpg,11_WithInset.jpg,0.009215985,40.70916418,0.755906465,0.944668087,0.828329159,88.72925821,47.8602355
11_WithInset.jpg,06_ColorLevel.jpg,0.009215985,40.70916418,0.755906465,0.944668087,0.828329159,88.72925821,48.11789201
02_Blurred.jpg,13_1PixelDiff.jpg,0.009309746,40.62124256,0.532482417,0.915396892,0.438569524,89.25967047,48.46271428
13_1PixelDiff.jpg,02_Blurred.jpg,0.009309746,40.62124256,0.532482417,0.915396892,0.438569524,89.25967047,47.7207502
00_Original.jpg,02_Blurred.jpg,0.009311585,40.61952833,0.53229184,0.915375986,0.438702066,89.25174089,47.71925562
02_Blurred.jpg,00_Original.jpg,0.009311585,40.61952833,0.53229184,0.915375986,0.438702066,89.25174089,48.46103818
01_ObjectsDiff.jpg,11_WithInset.jpg,0.009351137,40.58271173,0.700397719,0.938988247,0.770013396,88.75560154,47.88078177
11_WithInset.jpg,01_ObjectsDiff.jpg,0.009351137,40.58271173,0.700397719,0.938988247,0.770013396,88.75560154,47.98437
01_ObjectsDiff.jpg,08_Grayscaled.jpg,0.009400126,40.53732637,0.707951341,0.91474761,0.762405439,88.25976926,47.42315094
08_Grayscaled.jpg,01_ObjectsDiff.jpg,0.009400126,40.53732637,0.707951341,0.91474761,0.762405439,88.25976926,47.59174988
02_Blurred.jpg,10_Added_Text.jpg,0.009441125,40.49952511,0.52789222,0.91129787,0.432922911,89.25994158,48.41126885
10_Added_Text.jpg,02_Blurred.jpg,0.009441125,40.49952511,0.52789222,0.91129787,0.432922911,89.25994158,47.69563631
02_Blurred.jpg,14_AddedTextColor.jpg,0.009459596,40.4825497,0.52828674,0.911128637,0.4330607,89.25641535,48.40827396
14_AddedTextColor.jpg,02_Blurred.jpg,0.009459596,40.4825497,0.52828674,0.911128637,0.4330607,89.25641535,47.68623863
03_Tiled.jpg,08_Grayscaled.jpg,0.009500676,40.44491056,0.725295649,0.927702752,0.7497387,88.04326734,46.12472734
08_Grayscaled.jpg,03_Tiled.jpg,0.009500676,40.44491056,0.725295649,0.927702752,0.7497387,88.04326734,47.57428009
01_ObjectsDiff.jpg,02_Blurred.jpg,0.009519759,40.42748216,0.518394057,0.91219995,0.419682232,89.26134383,47.62946261
02_Blurred.jpg,01_ObjectsDiff.jpg,0.009519759,40.42748216,0.518394057,0.91219995,0.419682232,89.26134383,48.37073069
02_Blurred.jpg,09_ChangedCenter.jpg,0.009779559,40.19361499,0.522539705,0.910073397,0.40947179,89.26309942,48.22966427
09_ChangedCenter.jpg,02_Blurred.jpg,0.009779559,40.19361499,0.522539705,0.910073397,0.40947179,89.26309942,47.58489497
03_Tiled.jpg,11_WithInset.jpg,0.009981446,40.01613144,0.718984377,0.936643099,0.74402238,88.75185875,45.88655907
11_WithInset.jpg,03_Tiled.jpg,0.009981446,40.01613144,0.718984377,0.936643099,0.74402238,88.75185875,47.41307153
02_Blurred.jpg,03_Tiled.jpg,0.010081551,39.92945198,0.519172551,0.925119389,0.472381328,89.20304013,47.93690875
03_Tiled.jpg,02_Blurred.jpg,0.010081551,39.92945198,0.519172551,0.925119389,0.472381328,89.20304013,45.75334452
02_Blurred.jpg,06_ColorLevel.jpg,0.010271881,39.76700071,0.513336558,0.906206807,0.409450976,89.2445737,47.94150179
06_ColorLevel.jpg,02_Blurred.jpg,0.010271881,39.76700071,0.513336558,0.906206807,0.409450976,89.2445737,47.12547024
08_Grayscaled.jpg,11_WithInset.jpg,0.01066234,39.44294933,0.71592551,0.91640325,0.792810864,88.2061915,47.04709057
11_WithInset.jpg,08_Grayscaled.jpg,0.01066234,39.44294933,0.71592551,0.91640325,0.792810864,88.2061915,47.02151982
02_Blurred.jpg,08_Grayscaled.jpg,0.010699022,39.41312078,0.51486272,0.894098904,0.419999264,88.86451324,47.65919656
08_Grayscaled.jpg,02_Blurred.jpg,0.010699022,39.41312078,0.51486272,0.894098904,0.419999264,88.86451324,47.13950257
02_Blurred.jpg,04_Distorted.jpg,0.011516817,38.77335075,0.415750738,0.888896293,0.269792642,89.10226162,47.46641332
04_Distorted.jpg,02_Blurred.jpg,0.011516817,38.77335075,0.415750738,0.888896293,0.269792642,89.10226162,46.58355421
02_Blurred.jpg,11_WithInset.jpg,0.011823709,38.54492668,0.493370891,0.884320955,0.408078474,89.2486214,47.53500837
11_WithInset.jpg,02_Blurred.jpg,0.011823709,38.54492668,0.493370891,0.884320955,0.408078474,89.2486214,46.91277045
03_Tiled.jpg,04_Distorted.jpg,0.012692109,37.92932514,0.481358548,0.87702798,0.295057221,88.69570431,44.76629912
04_Distorted.jpg,03_Tiled.jpg,0.012692109,37.92932514,0.481358548,0.87702798,0.295057221,88.69570431,46.04654078
04_Distorted.jpg,13_1PixelDiff.jpg,0.01292304,37.77270559,0.482941326,0.870910451,0.320655932,88.75862501,46.04347358
13_1PixelDiff.jpg,04_Distorted.jpg,0.01292304,37.77270559,0.482941326,0.870910451,0.320655932,88.75862501,46.17344903
00_Original.jpg,04_Distorted.jpg,0.012925816,37.77084116,0.483696058,0.870873828,0.321533213,88.75350326,46.17255543
04_Distorted.jpg,00_Original.jpg,0.012925816,37.77084116,0.483696058,0.870873828,0.321533213,88.75350326,46.04229649
04_Distorted.jpg,10_Added_Text.jpg,0.013020507,37.70744089,0.48407883,0.866766484,0.31742884,88.75918896,46.01575249
10_Added_Text.jpg,04_Distorted.jpg,0.013020507,37.70744089,0.48407883,0.866766484,0.31742884,88.75918896,46.17178674
04_Distorted.jpg,14_AddedTextColor.jpg,0.013035609,37.69737247,0.483420451,0.866577674,0.316885528,88.75153012,46.01241131
14_AddedTextColor.jpg,04_Distorted.jpg,0.013035609,37.69737247,0.483420451,0.866577674,0.316885528,88.75153012,46.16194065
04_Distorted.jpg,09_ChangedCenter.jpg,0.013134136,37.63196949,0.481922368,0.868607806,0.316995111,88.76109346,45.96871974
09_ChangedCenter.jpg,04_Distorted.jpg,0.013134136,37.63196949,0.481922368,0.868607806,0.316995111,88.76109346,46.19970541
01_ObjectsDiff.jpg,04_Distorted.jpg,0.013243695,37.55981687,0.477115547,0.864343722,0.291948974,88.76047546,46.07116789
04_Distorted.jpg,01_ObjectsDiff.jpg,0.013243695,37.55981687,0.477115547,0.864343722,0.291948974,88.76047546,45.94133403
05_Flared.jpg,13_1PixelDiff.jpg,0.013353118,37.48834613,0.784214797,0.896483347,0.760096067,88.26431795,42.80285226
13_1PixelDiff.jpg,05_Flared.jpg,0.013353118,37.48834613,0.784214797,0.896483347,0.760096067,88.26431795,45.8757368
00_Original.jpg,05_Flared.jpg,0.013353801,37.48790268,0.786560224,0.896442796,0.760045641,88.26212796,45.87582489
05_Flared.jpg,00_Original.jpg,0.013353801,37.48790268,0.786560224,0.896442796,0.760045641,88.26212796,42.802648
05_Flared.jpg,14_AddedTextColor.jpg,0.013466992,37.41458658,0.78071053,0.891891591,0.746526283,88.25579604,42.76874956
14_AddedTextColor.jpg,05_Flared.jpg,0.013466992,37.41458658,0.78071053,0.891891591,0.746526283,88.25579604,45.86310055
05_Flared.jpg,10_Added_Text.jpg,0.013473433,37.41043571,0.782900536,0.891572033,0.747048156,88.26524198,42.76560869
10_Added_Text.jpg,05_Flared.jpg,0.013473433,37.41043571,0.782900536,0.891572033,0.747048156,88.26524198,45.86652819
05_Flared.jpg,06_ColorLevel.jpg,0.013535713,37.37037662,0.757563359,0.887983991,0.713777915,88.30773924,43.01771844
06_ColorLevel.jpg,05_Flared.jpg,0.013535713,37.37037662,0.757563359,0.887983991,0.713777915,88.30773924,45.87197915
04_Distorted.jpg,06_ColorLevel.jpg,0.013765595,37.22409967,0.482025252,0.856407861,0.302430876,88.74124131,45.77931226
06_ColorLevel.jpg,04_Distorted.jpg,0.013765595,37.22409967,0.482025252,0.856407861,0.302430876,88.74124131,45.77219746
01_ObjectsDiff.jpg,05_Flared.jpg,0.013981887,37.08868507,0.708556256,0.882131759,0.663235085,88.3539189,45.68166333
05_Flared.jpg,01_ObjectsDiff.jpg,0.013981887,37.08868507,0.708556256,0.882131759,0.663235085,88.3539189,42.60846647
05_Flared.jpg,09_ChangedCenter.jpg,0.014048041,37.04768423,0.772621718,0.889809606,0.735222446,88.26864259,42.58702775
09_ChangedCenter.jpg,05_Flared.jpg,0.014048041,37.04768423,0.772621718,0.889809606,0.735222446,88.26864259,45.7643857
05_Flared.jpg,08_Grayscaled.jpg,0.01434965,36.86317447,0.726112931,0.852265509,0.700294331,87.62153656,42.62451031
08_Grayscaled.jpg,05_Flared.jpg,0.01434965,36.86317447,0.726112931,0.852265509,0.700294331,87.62153656,45.75223802
04_Distorted.jpg,08_Grayscaled.jpg,0.014637883,36.69043544,0.468229378,0.821024904,0.289022523,88.22899376,45.40023223
08_Grayscaled.jpg,04_Distorted.jpg,0.014637883,36.69043544,0.468229378,0.821024904,0.289022523,88.22899376,45.64546853
04_Distorted.jpg,11_WithInset.jpg,0.014934558,36.51615146,0.476833697,0.836988859,0.293403502,88.74967251,45.50206416
11_WithInset.jpg,04_Distorted.jpg,0.014934558,36.51615146,0.476833697,0.836988859,0.293403502,88.74967251,45.74720581
05_Flared.jpg,11_WithInset.jpg,0.015072973,36.43602136,0.71468976,0.862513148,0.690707007,88.25350405,42.32099047
11_WithInset.jpg,05_Flared.jpg,0.015072973,36.43602136,0.71468976,0.862513148,0.690707007,88.25350405,45.52055956
02_Blurred.jpg,05_Flared.jpg,0.015114699,36.41201023,0.522410444,0.850523275,0.461644751,88.92994227,46.14382427
05_Flared.jpg,02_Blurred.jpg,0.015114699,36.41201023,0.522410444,0.850523275,0.461644751,88.92994227,42.28147984
06_ColorLevel.jpg,07_Hues.jpg,0.015124205,36.40654806,0.606580766,0.843038785,0.545801637,89.38063143,45.61229014
07_Hues.jpg,06_ColorLevel.jpg,0.015124205,36.40654806,0.606580766,0.843038785,0.545801637,89.38063143,45.67446902
07_Hues.jpg,13_1PixelDiff.jpg,0.016007081,35.91375831,0.602616035,0.830340553,0.536375925,89.39615319,45.33066446
13_1PixelDiff.jpg,07_Hues.jpg,0.016007081,35.91375831,0.602616035,0.830340553,0.536375925,89.39615319,45.42094009
00_Original.jpg,07_Hues.jpg,0.016007764,35.91338638,0.602501477,0.830328869,0.536315983,89.39507507,45.42082743
07_Hues.jpg,00_Original.jpg,0.016007764,35.91338638,0.602501477,0.830328869,0.536315983,89.39507507,45.33045498
07_Hues.jpg,10_Added_Text.jpg,0.016026601,35.90317253,0.602867089,0.827574002,0.524506326,89.39634151,45.31267857
10_Added_Text.jpg,07_Hues.jpg,0.016026601,35.90317253,0.602867089,0.827574002,0.524506326,89.39634151,45.41834547
07_Hues.jpg,14_AddedTextColor.jpg,0.016090255,35.8687425,0.602504982,0.826048595,0.524663662,89.39390787,45.287263
14_AddedTextColor.jpg,07_Hues.jpg,0.016090255,35.8687425,0.602504982,0.826048595,0.524663662,89.39390787,45.38414867
04_Distorted.jpg,05_Flared.jpg,0.016256075,35.77968601,0.465131727,0.822946732,0.261959129,88.23374067,44.92558731
05_Flared.jpg,04_Distorted.jpg,0.016256075,35.77968601,0.465131727,0.822946732,0.261959129,88.23374067,41.97830064
07_Hues.jpg,09_ChangedCenter.jpg,0.016321681,35.74470047,0.598844359,0.826322637,0.525247903,89.39823278,45.21201718
09_ChangedCenter.jpg,07_Hues.jpg,0.016321681,35.74470047,0.598844359,0.826322637,0.525247903,89.39823278,45.3767036
03_Tiled.jpg,07_Hues.jpg,0.016390041,35.70839885,0.58150976,0.820946496,0.449819778,89.36314254,43.94438366
07_Hues.jpg,03_Tiled.jpg,0.016390041,35.70839885,0.58150976,0.820946496,0.449819778,89.36314254,45.21120101
01_ObjectsDiff.jpg,07_Hues.jpg,0.016583545,35.60645345,0.572084839,0.81628847,0.469693721,89.39508898,45.16156591
07_Hues.jpg,01_ObjectsDiff.jpg,0.016583545,35.60645345,0.572084839,0.81628847,0.469693721,89.39508898,45.12065833
02_Blurred.jpg,07_Hues.jpg,0.017203832,35.28749708,0.439494327,0.788464005,0.239376292,89.57421915,45.57042241
07_Hues.jpg,02_Blurred.jpg,0.017203832,35.28749708,0.439494327,0.788464005,0.239376292,89.57421915,44.93952578
07_Hues.jpg,11_WithInset.jpg,0.0173591,35.20945553,0.570550005,0.801598821,0.479763305,89.38905678,44.86939551
11_WithInset.jpg,07_Hues.jpg,0.0173591,35.20945553,0.570550005,0.801598821,0.479763305,89.38905678,44.93315245
03_Tiled.jpg,21_TestImage.jpg,0.01736922,35.2043939,0.369318866,0.77948392,-0.035259965,89.07178077,43.48719856
21_TestImage.jpg,03_Tiled.jpg,0.01736922,35.2043939,0.369318866,0.77948392,-0.035259965,89.07178077,44.25656741
05_Flared.jpg,17_SimilarImage.jpg,0.017650977,35.06462578,0.354215496,0.732534346,0.010984914,87.47365764,41.63924843
17_SimilarImage.jpg,05_Flared.jpg,0.017650977,35.06462578,0.354215496,0.732534346,0.010984914,87.47365764,42.00903374
05_Flared.jpg,21_TestImage.jpg,0.017963173,34.91233829,0.36178503,0.758227464,-0.032912916,88.76680065,41.6083773
21_TestImage.jpg,05_Flared.jpg,0.017963173,34.91233829,0.36178503,0.758227464,-0.032912916,88.76680065,44.01218869
02_Blurred.jpg,21_TestImage.jpg,0.018117625,34.83797315,0.33909741,0.803590485,-0.045388924,89.33765888,45.52450068
21_TestImage.jpg,02_Blurred.jpg,0.018117625,34.83797315,0.33909741,0.803590485,-0.045388924,89.33765888,44.15700964
05_Flared.jpg,18_SimilarImage.jpg,0.018425705,34.69151977,0.342109337,0.720740226,-0.002040925,87.24739704,41.44971882
18_SimilarImage.jpg,05_Flared.jpg,0.018425705,34.69151977,0.342109337,0.720740226,-0.002040925,87.24739704,42.10838677
17_SimilarImage.jpg,21_TestImage.jpg,0.018729208,34.54961065,0.35682122,0.742890175,-0.000402381,88.0201679,41.73987961
21_TestImage.jpg,17_SimilarImage.jpg,0.018729208,34.54961065,0.35682122,0.742890175,-0.000402381,88.0201679,43.76586726
15_SimilarImage.jpg,20_SimilarImage.jpg,0.019140977,34.36071876,0.372851253,0.772959071,0.031945504,89.39821766,45.97019192
20_SimilarImage.jpg,15_SimilarImage.jpg,0.019140977,34.36071876,0.372851253,0.772959071,0.031945504,89.39821766,45.96298875
18_SimilarImage.jpg,21_TestImage.jpg,0.019233167,34.31898359,0.361515063,0.731766237,-0.00043928,87.90407985,41.89324127
21_TestImage.jpg,18_SimilarImage.jpg,0.019233167,34.31898359,0.361515063,0.731766237,-0.00043928,87.90407985,43.65015964
17_SimilarImage.jpg,18_SimilarImage.jpg,0.019261198,34.30633548,0.359783325,0.726469272,0.001424436,86.37556389,41.61401757
18_SimilarImage.jpg,17_SimilarImage.jpg,0.019261198,34.30633548,0.359783325,0.726469272,0.001424436,86.37556389,41.89628798
03_Tiled.jpg,17_SimilarImage.jpg,0.019457648,34.21819214,0.351992141,0.708163611,0.001202694,88.01485036,42.90227164
17_SimilarImage.jpg,03_Tiled.jpg,0.019457648,34.21819214,0.351992141,0.708163611,0.001202694,88.01485036,41.61668357
04_Distorted.jpg,07_Hues.jpg,0.019459851,34.21720985,0.444993323,0.748494495,0.185636285,89.287421,44.14817521
07_Hues.jpg,04_Distorted.jpg,0.019459851,34.21720985,0.444993323,0.748494495,0.185636285,89.287421,44.37531147
07_Hues.jpg,08_Grayscaled.jpg,0.019561598,34.17191271,0.566958725,0.744884778,0.421128903,89.09784145,44.42606913
08_Grayscaled.jpg,07_Hues.jpg,0.019561598,34.17191271,0.566958725,0.744884778,0.421128903,89.09784145,44.80754536
02_Blurred.jpg,15_SimilarImage.jpg,0.019566776,34.16961435,0.345367769,0.787699073,-0.007078954,89.44535569,45.2514716
15_SimilarImage.jpg,02_Blurred.jpg,0.019566776,34.16961435,0.345367769,0.787699073,-0.007078954,89.44535569,45.95325754
05_Flared.jpg,07_Hues.jpg,0.019723713,34.10022501,0.572973013,0.775280591,0.429676053,89.12252674,41.31183903
07_Hues.jpg,05_Flared.jpg,0.019723713,34.10022501,0.572973013,0.775280591,0.429676053,89.12252674,44.33527286
03_Tiled.jpg,18_SimilarImage.jpg,0.019734532,34.09546379,0.350754899,0.699458671,-0.006360424,87.87730843,42.85017528
18_SimilarImage.jpg,03_Tiled.jpg,0.019734532,34.09546379,0.350754899,0.699458671,-0.006360424,87.87730843,41.85675405
16_SimilarImage.jpg,20_SimilarImage.jpg,0.020357456,33.82553104,0.354180075,0.763742214,0.058212281,89.38562886,45.98863942
20_SimilarImage.jpg,16_SimilarImage.jpg,0.020357456,33.82553104,0.354180075,0.763742214,0.058212281,89.38562886,45.67118643
08_Grayscaled.jpg,21_TestImage.jpg,0.020399963,33.80741123,0.374252194,0.744117661,-0.033973998,88.84323573,44.20747504
21_TestImage.jpg,08_Grayscaled.jpg,0.020399963,33.80741123,0.374252194,0.744117661,-0.033973998,88.84323573,43.50541421
12_Rotated.jpg,21_TestImage.jpg,0.020482302,33.77242569,0.379992459,0.719788514,-0.007446054,89.17061195,44.17654644
21_TestImage.jpg,12_Rotated.jpg,0.020482302,33.77242569,0.379992459,0.719788514,-0.007446054,89.17061195,43.55589992
04_Distorted.jpg,21_TestImage.jpg,0.02060868,33.71899608,0.376545242,0.723960867,-0.019192213,88.93422193,44.06346203
21_TestImage.jpg,04_Distorted.jpg,0.02060868,33.71899608,0.376545242,0.723960867,-0.019192213,88.93422193,43.56215799
02_Blurred.jpg,20_SimilarImage.jpg,0.020657979,33.69824413,0.362559559,0.782488108,0.007359024,89.47771929,45.09807899
20_SimilarImage.jpg,02_Blurred.jpg,0.020657979,33.69824413,0.362559559,0.782488108,0.007359024,89.47771929,45.80940924
11_WithInset.jpg,21_TestImage.jpg,0.020688647,33.68535761,0.380538598,0.718555244,-0.028888059,89.13664951,44.28839372
21_TestImage.jpg,11_WithInset.jpg,0.020688647,33.68535761,0.380538598,0.718555244,-0.028888059,89.13664951,43.55307175
01_ObjectsDiff.jpg,21_TestImage.jpg,0.020729449,33.6682463,0.368733223,0.717681142,-0.027591429,89.14565569,44.20366046
21_TestImage.jpg,01_ObjectsDiff.jpg,0.020729449,33.6682463,0.368733223,0.717681142,-0.027591429,89.14565569,43.5735726
10_Added_Text.jpg,21_TestImage.jpg,0.020747131,33.66083864,0.372071694,0.718138096,-0.033475021,89.149241,44.21824163
21_TestImage.jpg,10_Added_Text.jpg,0.020747131,33.66083864,0.372071694,0.718138096,-0.033475021,89.149241,43.56392091
14_AddedTextColor.jpg,21_TestImage.jpg,0.020747606,33.66064075,0.372297973,0.718276625,-0.033844185,89.15121798,44.21042761
21_TestImage.jpg,14_AddedTextColor.jpg,0.020747606,33.66064075,0.372297973,0.718276625,-0.033844185,89.15121798,43.56349045
13_1PixelDiff.jpg,21_TestImage.jpg,0.020779639,33.64724163,0.37129121,0.716131193,-0.033866304,89.14778331,44.19087945
21_TestImage.jpg,13_1PixelDiff.jpg,0.020779639,33.64724163,0.37129121,0.716131193,-0.033866304,89.14778331,43.56051305
00_Original.jpg,21_TestImage.jpg,0.020780334,33.64695076,0.371399131,0.716133098,-0.033827524,89.15059769,44.19087944
21_TestImage.jpg,00_Original.jpg,0.020780334,33.64695076,0.371399131,0.716133098,-0.033827524,89.15059769,43.5602218
15_SimilarImage.jpg,21_TestImage.jpg,0.020811386,33.63398079,0.353435576,0.760518311,-0.005505734,89.26954125,45.67334413
21_TestImage.jpg,15_SimilarImage.jpg,0.020811386,33.63398079,0.353435576,0.760518311,-0.005505734,89.26954125,43.61527919
06_ColorLevel.jpg,21_TestImage.jpg,0.021194866,33.47538713,0.374944059,0.710713832,-0.032973647,89.14758338,43.99814681
21_TestImage.jpg,06_ColorLevel.jpg,0.021194866,33.47538713,0.374944059,0.710713832,-0.032973647,89.14758338,43.53113242
09_ChangedCenter.jpg,21_TestImage.jpg,0.021264911,33.44672922,0.372084313,0.711659683,-0.035183311,89.14965007,44.18832973
21_TestImage.jpg,09_ChangedCenter.jpg,0.021264911,33.44672922,0.372084313,0.711659683,-0.035183311,89.14965007,43.45999521
20_SimilarImage.jpg,21_TestImage.jpg,0.021295315,33.43431953,0.353187038,0.7592256,-0.030777927,89.29963341,45.49864782
21_TestImage.jpg,20_SimilarImage.jpg,0.021295315,33.43431953,0.353187038,0.7592256,-0.030777927,89.29963341,43.38398657
02_Blurred.jpg,12_Rotated.jpg,0.021374881,33.4019256,0.345543079,0.714593111,0.006927418,89.40100597,45.07246543
12_Rotated.jpg,02_Blurred.jpg,0.021374881,33.4019256,0.345543079,0.714593111,0.006927418,89.40100597,44.35601614
03_Tiled.jpg,12_Rotated.jpg,0.021506017,33.34880117,0.389937614,0.690738906,0.020749206,89.17538054,42.73380608
12_Rotated.jpg,03_Tiled.jpg,0.021506017,33.34880117,0.389937614,0.690738906,0.020749206,89.17538054,44.16406995
08_Grayscaled.jpg,15_SimilarImage.jpg,0.02191487,33.18522218,0.35502185,0.721280781,-0.007713766,89.06569678,43.89522404
15_SimilarImage.jpg,08_Grayscaled.jpg,0.02191487,33.18522218,0.35502185,0.721280781,-0.007713766,89.06569678,45.36360487
02_Blurred.jpg,17_SimilarImage.jpg,0.021951163,33.17085031,0.327751346,0.694576532,-6.73E-05,88.53065111,44.54309485
17_SimilarImage.jpg,02_Blurred.jpg,0.021951163,33.17085031,0.327751346,0.694576532,-6.73E-05,88.53065111,41.08724423
02_Blurred.jpg,18_SimilarImage.jpg,0.021966094,33.1649423,0.326604184,0.688122023,-0.008917805,88.3891695,44.55803112
18_SimilarImage.jpg,02_Blurred.jpg,0.021966094,33.1649423,0.326604184,0.688122023,-0.008917805,88.3891695,41.39516074
15_SimilarImage.jpg,16_SimilarImage.jpg,0.021992937,33.15433506,0.343187209,0.743062826,0.024190139,89.38985487,45.39172925
16_SimilarImage.jpg,15_SimilarImage.jpg,0.021992937,33.15433506,0.343187209,0.743062826,0.024190139,89.38985487,45.70315648
03_Tiled.jpg,15_SimilarImage.jpg,0.022081593,33.11939005,0.350368858,0.725565436,-0.00660767,89.23712849,42.58620475
15_SimilarImage.jpg,03_Tiled.jpg,0.022081593,33.11939005,0.350368858,0.725565436,-0.00660767,89.23712849,45.4446337
05_Flared.jpg,12_Rotated.jpg,0.022215074,33.06704525,0.376481543,0.668055671,0.015249768,88.91624964,40.73433361
12_Rotated.jpg,05_Flared.jpg,0.022215074,33.06704525,0.376481543,0.668055671,0.015249768,88.91624964,43.82081852
03_Tiled.jpg,20_SimilarImage.jpg,0.022698084,32.88021568,0.354782297,0.728688273,0.006924155,89.26463971,42.4309064
20_SimilarImage.jpg,03_Tiled.jpg,0.022698084,32.88021568,0.354782297,0.728688273,0.006924155,89.26463971,45.32488091
16_SimilarImage.jpg,21_TestImage.jpg,0.022748107,32.86109451,0.339060543,0.745822315,0.009126972,89.22632536,45.61139538
21_TestImage.jpg,16_SimilarImage.jpg,0.022748107,32.86109451,0.339060543,0.745822315,0.009126972,89.22632536,43.25010521
12_Rotated.jpg,18_SimilarImage.jpg,0.022982741,32.77196411,0.348680447,0.646847503,0.0033896,88.28885738,43.56351854
18_SimilarImage.jpg,12_Rotated.jpg,0.022982741,32.77196411,0.348680447,0.646847503,0.0033896,88.28885738,41.18891077
08_Grayscaled.jpg,17_SimilarImage.jpg,0.022996882,32.76662115,0.359026286,0.666417382,0.003648698,87.65158932,43.68644984
17_SimilarImage.jpg,08_Grayscaled.jpg,0.022996882,32.76662115,0.359026286,0.666417382,0.003648698,87.65158932,40.91079119
08_Grayscaled.jpg,20_SimilarImage.jpg,0.023114599,32.72227291,0.359278663,0.715883528,0.005535037,89.099391,43.66195884
20_SimilarImage.jpg,08_Grayscaled.jpg,0.023114599,32.72227291,0.359278663,0.715883528,0.005535037,89.099391,45.10521635
08_Grayscaled.jpg,12_Rotated.jpg,0.023162777,32.70418647,0.391425692,0.669834569,0.021140774,89.0199024,43.68713337
12_Rotated.jpg,08_Grayscaled.jpg,0.023162777,32.70418647,0.391425692,0.669834569,0.021140774,89.0199024,43.6706332
12_Rotated.jpg,17_SimilarImage.jpg,0.023172269,32.70062927,0.343095914,0.648850413,-0.012370274,88.41527635,43.53967172
17_SimilarImage.jpg,12_Rotated.jpg,0.023172269,32.70062927,0.343095914,0.648850413,-0.012370274,88.41527635,40.85076866
08_Grayscaled.jpg,18_SimilarImage.jpg,0.023173427,32.70019535,0.35381043,0.657906823,-0.006584743,87.48618359,43.6528182
18_SimilarImage.jpg,08_Grayscaled.jpg,0.023173427,32.70019535,0.35381043,0.657906823,-0.006584743,87.48618359,41.17857868
01_ObjectsDiff.jpg,15_SimilarImage.jpg,0.023194114,32.69244436,0.351292591,0.69006555,-0.004351144,89.33380387,43.82044544
15_SimilarImage.jpg,01_ObjectsDiff.jpg,0.023194114,32.69244436,0.351292591,0.69006555,-0.004351144,89.33380387,45.24223602
04_Distorted.jpg,17_SimilarImage.jpg,0.023194993,32.69211534,0.360025396,0.641863227,-0.00611177,87.91201184,43.41589149
17_SimilarImage.jpg,04_Distorted.jpg,0.023194993,32.69211534,0.360025396,0.641863227,-0.00611177,87.91201184,40.85806899
04_Distorted.jpg,18_SimilarImage.jpg,0.023216173,32.68418792,0.356277393,0.636485778,-0.006346115,87.7485594,43.43161565
18_SimilarImage.jpg,04_Distorted.jpg,0.023216173,32.68418792,0.356277393,0.636485778,-0.006346115,87.7485594,41.16300269
10_Added_Text.jpg,15_SimilarImage.jpg,0.023225633,32.68064979,0.351503681,0.690600269,-0.008670747,89.33139722,43.83153929
15_SimilarImage.jpg,10_Added_Text.jpg,0.023225633,32.68064979,0.351503681,0.690600269,-0.008670747,89.33139722,45.23178026
14_AddedTextColor.jpg,15_SimilarImage.jpg,0.023231469,32.67846588,0.351377617,0.690496841,-0.007848873,89.33004265,43.82369646
15_SimilarImage.jpg,14_AddedTextColor.jpg,0.023231469,32.67846588,0.351377617,0.690496841,-0.007848873,89.33004265,45.23071441
06_ColorLevel.jpg,15_SimilarImage.jpg,0.023242727,32.67425779,0.353815771,0.688960458,-0.006928849,89.33548192,43.64503083
15_SimilarImage.jpg,06_ColorLevel.jpg,0.023242727,32.67425779,0.353815771,0.688960458,-0.006928849,89.33548192,45.20612441
00_Original.jpg,15_SimilarImage.jpg,0.023272717,32.66305927,0.35169681,0.688663881,-0.006756827,89.32785182,43.80315507
15_SimilarImage.jpg,00_Original.jpg,0.023272717,32.66305927,0.35169681,0.688663881,-0.006756827,89.32785182,45.22584493
13_1PixelDiff.jpg,15_SimilarImage.jpg,0.023273608,32.66272548,0.351298232,0.688645419,-0.006802327,89.33032821,43.80322234
15_SimilarImage.jpg,13_1PixelDiff.jpg,0.023273608,32.66272548,0.351298232,0.688645419,-0.006802327,89.33032821,45.22599186
11_WithInset.jpg,15_SimilarImage.jpg,0.023283118,32.65917543,0.352893044,0.689113354,-0.007780569,89.32531487,43.86258044
15_SimilarImage.jpg,11_WithInset.jpg,0.023283118,32.65917543,0.352893044,0.689113354,-0.007780569,89.32531487,45.19299028
15_SimilarImage.jpg,19_SimilarImage.jpg,0.023344347,32.63636354,0.357738216,0.724100007,0.02575284,89.45928425,45.14508074
19_SimilarImage.jpg,15_SimilarImage.jpg,0.023344347,32.63636354,0.357738216,0.724100007,0.02575284,89.45928425,45.73178445
19_SimilarImage.jpg,20_SimilarImage.jpg,0.023403667,32.61432174,0.355870304,0.726903827,0.018103447,89.4706159,45.7388489
20_SimilarImage.jpg,19_SimilarImage.jpg,0.023403667,32.61432174,0.355870304,0.726903827,0.018103447,89.4706159,45.15795808
13_1PixelDiff.jpg,17_SimilarImage.jpg,0.023513332,32.57371668,0.353096947,0.63845312,0.004092543,88.18638669,43.49131619
17_SimilarImage.jpg,13_1PixelDiff.jpg,0.023513332,32.57371668,0.353096947,0.63845312,0.004092543,88.18638669,40.80234231
00_Original.jpg,17_SimilarImage.jpg,0.023513382,32.5736976,0.354397234,0.638443563,0.003923631,88.18223458,43.49143287
17_SimilarImage.jpg,00_Original.jpg,0.023513382,32.5736976,0.354397234,0.638443563,0.003923631,88.18223458,40.8022486
01_ObjectsDiff.jpg,17_SimilarImage.jpg,0.023516128,32.57268432,0.355528391,0.637895781,0.002671998,88.18105786,43.48992603
17_SimilarImage.jpg,01_ObjectsDiff.jpg,0.023516128,32.57268432,0.355528391,0.637895781,0.002671998,88.18105786,40.8013491
16_SimilarImage.jpg,19_SimilarImage.jpg,0.023523325,32.57002596,0.333058649,0.726653246,0.005922457,89.40776226,45.42311447
19_SimilarImage.jpg,16_SimilarImage.jpg,0.023523325,32.57002596,0.333058649,0.726653246,0.005922457,89.40776226,45.69923158
14_AddedTextColor.jpg,17_SimilarImage.jpg,0.023524547,32.56957534,0.355019642,0.640242755,0.003172362,88.19241519,43.5082796
17_SimilarImage.jpg,14_AddedTextColor.jpg,0.023524547,32.56957534,0.355019642,0.640242755,0.003172362,88.19241519,40.79980654
10_Added_Text.jpg,17_SimilarImage.jpg,0.023529457,32.56776098,0.354227147,0.639824011,0.002336188,88.18627373,43.51355954
17_SimilarImage.jpg,10_Added_Text.jpg,0.023529457,32.56776098,0.354227147,0.639824011,0.002336188,88.18627373,40.79883333
06_ColorLevel.jpg,17_SimilarImage.jpg,0.023542928,32.56279234,0.357220566,0.638983444,0.004477565,88.2007568,43.41917328
17_SimilarImage.jpg,06_ColorLevel.jpg,0.023542928,32.56279234,0.357220566,0.638983444,0.004477565,88.2007568,40.88877703
09_ChangedCenter.jpg,15_SimilarImage.jpg,0.02356334,32.55526308,0.350724421,0.685411693,-0.006296794,89.33400786,43.83409008
15_SimilarImage.jpg,09_ChangedCenter.jpg,0.02356334,32.55526308,0.350724421,0.685411693,-0.006296794,89.33400786,45.16364165
14_AddedTextColor.jpg,18_SimilarImage.jpg,0.023595588,32.54338268,0.350134468,0.633466804,-0.009617531,88.06606676,43.51539421
18_SimilarImage.jpg,14_AddedTextColor.jpg,0.023595588,32.54338268,0.350134468,0.633466804,-0.009617531,88.06606676,41.09814274
00_Original.jpg,18_SimilarImage.jpg,0.023601515,32.54120353,0.348694466,0.631490487,-0.009254208,88.0704984,43.4967831
18_SimilarImage.jpg,00_Original.jpg,0.023601515,32.54120353,0.348694466,0.631490487,-0.009254208,88.0704984,41.09775479
13_1PixelDiff.jpg,18_SimilarImage.jpg,0.023603125,32.54060987,0.348082648,0.631465674,-0.009513343,88.06884427,43.49630302
18_SimilarImage.jpg,13_1PixelDiff.jpg,0.023603125,32.54060987,0.348082648,0.631465674,-0.009513343,88.06884427,41.09755659
10_Added_Text.jpg,18_SimilarImage.jpg,0.023605986,32.53955845,0.349160688,0.63278129,-0.010139662,88.07062282,43.52024639
18_SimilarImage.jpg,10_Added_Text.jpg,0.023605986,32.53955845,0.349160688,0.63278129,-0.010139662,88.07062282,41.09640853
04_Distorted.jpg,15_SimilarImage.jpg,0.023619449,32.53460411,0.359237298,0.691915706,-0.002495592,89.18824609,43.57596803
15_SimilarImage.jpg,04_Distorted.jpg,0.023619449,32.53460411,0.359237298,0.691915706,-0.002495592,89.18824609,45.14294959
01_ObjectsDiff.jpg,18_SimilarImage.jpg,0.023626303,32.53208641,0.350498269,0.631471123,-0.009056692,88.08722687,43.48948103
18_SimilarImage.jpg,01_ObjectsDiff.jpg,0.023626303,32.53208641,0.350498269,0.631471123,-0.009056692,88.08722687,41.09110109
11_WithInset.jpg,18_SimilarImage.jpg,0.023645515,32.52502445,0.355951378,0.632898653,-0.007683434,88.05691843,43.60091309
18_SimilarImage.jpg,11_WithInset.jpg,0.023645515,32.52502445,0.355951378,0.632898653,-0.007683434,88.05691843,41.08959267
11_WithInset.jpg,20_SimilarImage.jpg,0.023653157,32.52221826,0.354225199,0.691976993,0.006459622,89.33084999,43.86214403
20_SimilarImage.jpg,11_WithInset.jpg,0.023653157,32.52221826,0.354225199,0.691976993,0.006459622,89.33084999,45.20099212
11_WithInset.jpg,12_Rotated.jpg,0.023665892,32.51754287,0.391408851,0.65390649,0.018595055,89.24837559,43.89862625
12_Rotated.jpg,11_WithInset.jpg,0.023665892,32.51754287,0.391408851,0.65390649,0.018595055,89.24837559,43.78824723
06_ColorLevel.jpg,18_SimilarImage.jpg,0.023673793,32.5146437,0.349993428,0.631402728,-0.008972489,88.06871168,43.41516943
18_SimilarImage.jpg,06_ColorLevel.jpg,0.023673793,32.5146437,0.349993428,0.631402728,-0.008972489,88.06871168,41.18640752
11_WithInset.jpg,17_SimilarImage.jpg,0.023708304,32.50199083,0.356923321,0.63823858,-0.000921341,88.17077387,43.57332477
17_SimilarImage.jpg,11_WithInset.jpg,0.023708304,32.50199083,0.356923321,0.63823858,-0.000921341,88.17077387,40.76382146
07_Hues.jpg,21_TestImage.jpg,0.023733906,32.49261621,0.369861358,0.657661014,-0.022440777,89.43531706,43.71121133
21_TestImage.jpg,07_Hues.jpg,0.023733906,32.49261621,0.369861358,0.657661014,-0.022440777,89.43531706,42.87234362
04_Distorted.jpg,12_Rotated.jpg,0.023758365,32.48366836,0.397297134,0.64894812,0.008193172,89.05592102,43.65134696
12_Rotated.jpg,04_Distorted.jpg,0.023758365,32.48366836,0.397297134,0.64894812,0.008193172,89.05592102,43.78283756
02_Blurred.jpg,19_SimilarImage.jpg,0.023764057,32.48158935,0.336757241,0.728612409,0.015951483,89.52872115,44.55954385
19_SimilarImage.jpg,02_Blurred.jpg,0.023764057,32.48158935,0.336757241,0.728612409,0.015951483,89.52872115,45.85937682
10_Added_Text.jpg,12_Rotated.jpg,0.023820072,32.46113781,0.390882033,0.650051277,0.021102041,89.26907998,43.8247255
12_Rotated.jpg,10_Added_Text.jpg,0.023820072,32.46113781,0.390882033,0.650051277,0.021102041,89.26907998,43.80125095
19_SimilarImage.jpg,21_TestImage.jpg,0.023828939,32.45790485,0.377619152,0.718224076,-0.024465237,89.34554841,45.61227417
21_TestImage.jpg,19_SimilarImage.jpg,0.023828939,32.45790485,0.377619152,0.718224076,-0.024465237,89.34554841,42.93927193
12_Rotated.jpg,14_AddedTextColor.jpg,0.023833266,32.4563289,0.391545947,0.649824994,0.020691803,89.26935002,43.80032934
14_AddedTextColor.jpg,12_Rotated.jpg,0.023833266,32.4563289,0.391545947,0.649824994,0.020691803,89.26935002,43.81685634
09_ChangedCenter.jpg,18_SimilarImage.jpg,0.023842635,32.45291475,0.347872141,0.629271713,-0.006617664,88.07123032,43.56036032
18_SimilarImage.jpg,09_ChangedCenter.jpg,0.023842635,32.45291475,0.347872141,0.629271713,-0.006617664,88.07123032,41.06168535
01_ObjectsDiff.jpg,12_Rotated.jpg,0.023850134,32.45018486,0.386666648,0.648592288,0.021850416,89.26772349,43.80368323
12_Rotated.jpg,01_ObjectsDiff.jpg,0.023850134,32.45018486,0.386666648,0.648592288,0.021850416,89.26772349,43.80435406
00_Original.jpg,12_Rotated.jpg,0.023877671,32.44016174,0.390854873,0.647543763,0.01949173,89.26737686,43.79757212
12_Rotated.jpg,00_Original.jpg,0.023877671,32.44016174,0.390854873,0.647543763,0.01949173,89.26737686,43.79807815
12_Rotated.jpg,13_1PixelDiff.jpg,0.023878565,32.43983511,0.389826801,0.647535325,0.019226278,89.26678437,43.79788203
13_1PixelDiff.jpg,12_Rotated.jpg,0.023878565,32.43983511,0.389826801,0.647535325,0.019226278,89.26678437,43.79707742
09_ChangedCenter.jpg,17_SimilarImage.jpg,0.023882559,32.43838314,0.353248263,0.634455589,0.002492898,88.19242406,43.5315784
17_SimilarImage.jpg,09_ChangedCenter.jpg,0.023882559,32.43838314,0.353248263,0.634455589,0.002492898,88.19242406,40.74165411
10_Added_Text.jpg,20_SimilarImage.jpg,0.023899624,32.43217949,0.357420086,0.69159467,0.004949554,89.33810258,43.75252173
20_SimilarImage.jpg,10_Added_Text.jpg,0.023899624,32.43217949,0.357420086,0.69159467,0.004949554,89.33810258,45.17186993
14_AddedTextColor.jpg,20_SimilarImage.jpg,0.023913285,32.42721561,0.357359012,0.691405255,0.005514102,89.33343489,43.74110816
20_SimilarImage.jpg,14_AddedTextColor.jpg,0.023913285,32.42721561,0.357359012,0.691405255,0.005514102,89.33343489,45.16804474
09_ChangedCenter.jpg,12_Rotated.jpg,0.023933945,32.41971496,0.390153457,0.64731289,0.025704679,89.27036029,43.87953187
12_Rotated.jpg,09_ChangedCenter.jpg,0.023933945,32.41971496,0.390153457,0.64731289,0.025704679,89.27036029,43.78200405
06_ColorLevel.jpg,12_Rotated.jpg,0.023962384,32.40939859,0.394583025,0.646099509,0.019552634,89.26543284,43.5834891
12_Rotated.jpg,06_ColorLevel.jpg,0.023962384,32.40939859,0.394583025,0.646099509,0.019552634,89.26543284,43.75403116
01_ObjectsDiff.jpg,20_SimilarImage.jpg,0.02397754,32.40390781,0.356160341,0.689622338,0.004472916,89.33808675,43.7198928
20_SimilarImage.jpg,01_ObjectsDiff.jpg,0.02397754,32.40390781,0.356160341,0.689622338,0.004472916,89.33808675,45.16215228
06_ColorLevel.jpg,20_SimilarImage.jpg,0.023985028,32.40119461,0.356420728,0.68983358,0.005622209,89.33604769,43.55199908
20_SimilarImage.jpg,06_ColorLevel.jpg,0.023985028,32.40119461,0.356420728,0.68983358,0.005622209,89.33604769,45.12566259
00_Original.jpg,20_SimilarImage.jpg,0.023995509,32.39740137,0.357232178,0.689761309,0.005969087,89.33623304,43.71673131
20_SimilarImage.jpg,00_Original.jpg,0.023995509,32.39740137,0.357232178,0.689761309,0.005969087,89.33623304,45.15878175
13_1PixelDiff.jpg,20_SimilarImage.jpg,0.023996472,32.39705328,0.357462802,0.689744164,0.005944049,89.33696832,43.71621509
20_SimilarImage.jpg,13_1PixelDiff.jpg,0.023996472,32.39705328,0.357462802,0.689744164,0.005944049,89.33696832,45.15857411
04_Distorted.jpg,20_SimilarImage.jpg,0.024097873,32.36042741,0.36361078,0.696483894,0.017077249,89.17015042,43.5368025
20_SimilarImage.jpg,04_Distorted.jpg,0.024097873,32.36042741,0.36361078,0.696483894,0.017077249,89.17015042,45.11728581
02_Blurred.jpg,16_SimilarImage.jpg,0.024123058,32.3513532,0.351936416,0.743694578,0.005189141,89.46346841,44.46253089
16_SimilarImage.jpg,02_Blurred.jpg,0.024123058,32.3513532,0.351936416,0.743694578,0.005189141,89.46346841,45.46765979
09_ChangedCenter.jpg,20_SimilarImage.jpg,0.024291163,32.2910333,0.357084884,0.686438123,0.003738297,89.33731487,43.76269577
20_SimilarImage.jpg,09_ChangedCenter.jpg,0.024291163,32.2910333,0.357084884,0.686438123,0.003738297,89.33731487,45.10626811
12_Rotated.jpg,20_SimilarImage.jpg,0.024334466,32.27556232,0.345577221,0.679774588,0.011085429,89.34746511,43.6276522
20_SimilarImage.jpg,12_Rotated.jpg,0.024334466,32.27556232,0.345577221,0.679774588,0.011085429,89.34746511,45.07694821
12_Rotated.jpg,15_SimilarImage.jpg,0.024883399,32.08180431,0.34671516,0.670128371,-0.025396941,89.32373918,43.52412236
15_SimilarImage.jpg,12_Rotated.jpg,0.024883399,32.08180431,0.34671516,0.670128371,-0.025396941,89.32373918,44.94199897
05_Flared.jpg,15_SimilarImage.jpg,0.025049726,32.02394012,0.351031585,0.678820184,-0.008467309,89.02606824,40.23722491
15_SimilarImage.jpg,05_Flared.jpg,0.025049726,32.02394012,0.351031585,0.678820184,-0.008467309,89.02606824,44.82109421
05_Flared.jpg,20_SimilarImage.jpg,0.025225455,31.96321968,0.353970673,0.685275475,0.004007049,89.033924,40.16987388
20_SimilarImage.jpg,05_Flared.jpg,0.025225455,31.96321968,0.353970673,0.685275475,0.004007049,89.033924,44.76788042
18_SimilarImage.jpg,20_SimilarImage.jpg,0.025722874,31.7936087,0.350327222,0.654421171,0.00606091,88.41494591,40.69499836
20_SimilarImage.jpg,18_SimilarImage.jpg,0.025722874,31.7936087,0.350327222,0.654421171,0.00606091,88.41494591,44.633211
03_Tiled.jpg,16_SimilarImage.jpg,0.025865858,31.74546245,0.332018232,0.69624515,0.012621164,89.24797051,41.9236466
16_SimilarImage.jpg,03_Tiled.jpg,0.025865858,31.74546245,0.332018232,0.69624515,0.012621164,89.24797051,45.1068569
15_SimilarImage.jpg,18_SimilarImage.jpg,0.025872029,31.74338821,0.354175383,0.640309047,-0.007558964,88.33199194,44.65179645
18_SimilarImage.jpg,15_SimilarImage.jpg,0.025872029,31.74338821,0.354175383,0.640309047,-0.007558964,88.33199194,40.72738437
15_SimilarImage.jpg,17_SimilarImage.jpg,0.025885835,31.73875812,0.343276071,0.645722497,0.003541018,88.49835929,44.64199539
17_SimilarImage.jpg,15_SimilarImage.jpg,0.025885835,31.73875812,0.343276071,0.645722497,0.003541018,88.49835929,40.40487672
07_Hues.jpg,20_SimilarImage.jpg,0.025899448,31.73419002,0.350331908,0.64489536,0.003195957,89.56108607,43.50628179
20_SimilarImage.jpg,07_Hues.jpg,0.025899448,31.73419002,0.350331908,0.64489536,0.003195957,89.56108607,44.71448139
07_Hues.jpg,15_SimilarImage.jpg,0.025929267,31.72419552,0.349860394,0.63709132,0.002177886,89.55588187,43.41028654
15_SimilarImage.jpg,07_Hues.jpg,0.025929267,31.72419552,0.349860394,0.63709132,0.002177886,89.55588187,44.67232389
17_SimilarImage.jpg,20_SimilarImage.jpg,0.026033895,31.68921951,0.343530558,0.653383134,0.00788146,88.55311669,40.34300002
20_SimilarImage.jpg,17_SimilarImage.jpg,0.026033895,31.68921951,0.343530558,0.653383134,0.00788146,88.55311669,44.57787138
03_Tiled.jpg,19_SimilarImage.jpg,0.026046343,31.68506626,0.367941374,0.671915621,0.007780731,89.34196456,41.8284491
19_SimilarImage.jpg,03_Tiled.jpg,0.026046343,31.68506626,0.367941374,0.671915621,0.007780731,89.34196456,45.30127183
08_Grayscaled.jpg,16_SimilarImage.jpg,0.026187045,31.63826946,0.338007851,0.679981587,0.01442134,89.09235682,43.12257804
16_SimilarImage.jpg,08_Grayscaled.jpg,0.026187045,31.63826946,0.338007851,0.679981587,0.01442134,89.09235682,44.89403172
08_Grayscaled.jpg,19_SimilarImage.jpg,0.026253425,31.6162825,0.371754791,0.663153335,0.008532593,89.18116307,43.12786077
19_SimilarImage.jpg,08_Grayscaled.jpg,0.026253425,31.6162825,0.371754791,0.663153335,0.008532593,89.18116307,45.16568248
07_Hues.jpg,17_SimilarImage.jpg,0.026309513,31.59774307,0.34641443,0.591169569,0.005017866,88.78260092,43.16856598
17_SimilarImage.jpg,07_Hues.jpg,0.026309513,31.59774307,0.34641443,0.591169569,0.005017866,88.78260092,40.35492961
07_Hues.jpg,18_SimilarImage.jpg,0.026556069,31.51672367,0.342868793,0.582695777,-0.009583159,88.65908079,43.11535548
18_SimilarImage.jpg,07_Hues.jpg,0.026556069,31.51672367,0.342868793,0.582695777,-0.009583159,88.65908079,40.59093914
12_Rotated.jpg,19_SimilarImage.jpg,0.026594959,31.50401596,0.367345741,0.64461628,-0.017447603,89.39606532,43.22518288
19_SimilarImage.jpg,12_Rotated.jpg,0.026594959,31.50401596,0.367345741,0.64461628,-0.017447603,89.39606532,45.25883009
07_Hues.jpg,12_Rotated.jpg,0.026679421,31.47646907,0.384657628,0.600519405,0.010578286,89.50126602,43.3674075
12_Rotated.jpg,07_Hues.jpg,0.026679421,31.47646907,0.384657628,0.600519405,0.010578286,89.50126602,43.18377973
11_WithInset.jpg,16_SimilarImage.jpg,0.026770858,31.44675258,0.332434858,0.661017466,0.004189853,89.31058994,43.34024903
16_SimilarImage.jpg,11_WithInset.jpg,0.026770858,31.44675258,0.332434858,0.661017466,0.004189853,89.31058994,44.97406686
06_ColorLevel.jpg,16_SimilarImage.jpg,0.026916256,31.39970783,0.332802951,0.661135226,0.012046319,89.3076721,43.08669446
16_SimilarImage.jpg,06_ColorLevel.jpg,0.026916256,31.39970783,0.332802951,0.661135226,0.012046319,89.3076721,44.95585943
11_WithInset.jpg,19_SimilarImage.jpg,0.026923619,31.39733318,0.373718138,0.64312364,0.005618346,89.39198449,43.3352015
19_SimilarImage.jpg,11_WithInset.jpg,0.026923619,31.39733318,0.373718138,0.64312364,0.005618346,89.39198449,45.25339192
10_Added_Text.jpg,16_SimilarImage.jpg,0.026963411,31.38450149,0.334934406,0.662428424,0.01310579,89.31272046,43.26816851
16_SimilarImage.jpg,10_Added_Text.jpg,0.026963411,31.38450149,0.334934406,0.662428424,0.01310579,89.31272046,44.97756082
14_AddedTextColor.jpg,19_SimilarImage.jpg,0.026987126,31.37686733,0.371537848,0.643126446,0.005910349,89.39723119,43.27505783
19_SimilarImage.jpg,14_AddedTextColor.jpg,0.026987126,31.37686733,0.371537848,0.643126446,0.005910349,89.39723119,45.2784335
00_Original.jpg,19_SimilarImage.jpg,0.026993649,31.37476925,0.370083916,0.641788168,0.006811931,89.39860765,43.25932534
19_SimilarImage.jpg,00_Original.jpg,0.026993649,31.37476925,0.370083916,0.641788168,0.006811931,89.39860765,45.27930027
10_Added_Text.jpg,19_SimilarImage.jpg,0.026993921,31.37468342,0.370025919,0.642837007,0.004861027,89.39661223,43.27956389
19_SimilarImage.jpg,10_Added_Text.jpg,0.026993921,31.37468342,0.370025919,0.642837007,0.004861027,89.39661223,45.27645946
14_AddedTextColor.jpg,16_SimilarImage.jpg,0.026994715,31.37442592,0.335875767,0.66199786,0.013093548,89.31825666,43.25462141
16_SimilarImage.jpg,14_AddedTextColor.jpg,0.026994715,31.37442592,0.335875767,0.66199786,0.013093548,89.31825666,44.97116066
13_1PixelDiff.jpg,19_SimilarImage.jpg,0.02699651,31.37384895,0.369218057,0.641730983,0.006680529,89.39467268,43.25885447
19_SimilarImage.jpg,13_1PixelDiff.jpg,0.02699651,31.37384895,0.369218057,0.641730983,0.006680529,89.39467268,45.27909582
01_ObjectsDiff.jpg,19_SimilarImage.jpg,0.027030051,31.36306289,0.366777907,0.641019257,0.003982924,89.40811588,43.2521281
19_SimilarImage.jpg,01_ObjectsDiff.jpg,0.027030051,31.36306289,0.366777907,0.641019257,0.003982924,89.40811588,45.27257495
01_ObjectsDiff.jpg,16_SimilarImage.jpg,0.027073815,31.3490105,0.335223967,0.66044757,0.012945842,89.32204096,43.23329753
16_SimilarImage.jpg,01_ObjectsDiff.jpg,0.027073815,31.3490105,0.335223967,0.66044757,0.012945842,89.32204096,44.96512922
00_Original.jpg,16_SimilarImage.jpg,0.027097696,31.3413525,0.335925289,0.660438814,0.013280158,89.31245496,43.22960383
16_SimilarImage.jpg,00_Original.jpg,0.027097696,31.3413525,0.335925289,0.660438814,0.013280158,89.31245496,44.96113674
13_1PixelDiff.jpg,16_SimilarImage.jpg,0.027097827,31.34130958,0.33606662,0.660442654,0.013347234,89.31205526,43.2295856
16_SimilarImage.jpg,13_1PixelDiff.jpg,0.027097827,31.34130958,0.33606662,0.660442654,0.013347234,89.31205526,44.9613263
12_Rotated.jpg,16_SimilarImage.jpg,0.027132235,31.33028988,0.315149982,0.650909306,-0.00789464,89.30300997,43.19951948
16_SimilarImage.jpg,12_Rotated.jpg,0.027132235,31.33028988,0.315149982,0.650909306,-0.00789464,89.30300997,44.93643791
09_ChangedCenter.jpg,19_SimilarImage.jpg,0.027252479,31.29188064,0.36855767,0.639583685,0.00950604,89.3960979,43.32867945
19_SimilarImage.jpg,09_ChangedCenter.jpg,0.027252479,31.29188064,0.36855767,0.639583685,0.00950604,89.3960979,45.24953385
04_Distorted.jpg,19_SimilarImage.jpg,0.027255528,31.29090789,0.370072458,0.64244471,0.007739137,89.23888534,43.05097976
19_SimilarImage.jpg,04_Distorted.jpg,0.027255528,31.29090789,0.370072458,0.64244471,0.007739137,89.23888534,45.20810453
06_ColorLevel.jpg,19_SimilarImage.jpg,0.027256044,31.29074577,0.374120475,0.637101826,0.005849365,89.39666482,42.98696603
19_SimilarImage.jpg,06_ColorLevel.jpg,0.027256044,31.29074577,0.374120475,0.637101826,0.005849365,89.39666482,45.16048379
04_Distorted.jpg,16_SimilarImage.jpg,0.027278939,31.28345016,0.337280439,0.666868531,0.0225564,89.17842673,43.02798604
16_SimilarImage.jpg,04_Distorted.jpg,0.027278939,31.28345016,0.337280439,0.666868531,0.0225564,89.17842673,44.90294786
09_ChangedCenter.jpg,16_SimilarImage.jpg,0.027368799,31.25488285,0.335374394,0.658114198,0.016216635,89.31474297,43.27329441
16_SimilarImage.jpg,09_ChangedCenter.jpg,0.027368799,31.25488285,0.335374394,0.658114198,0.016216635,89.31474297,44.90977068
07_Hues.jpg,16_SimilarImage.jpg,0.02782101,31.11254219,0.329061166,0.632075756,0.009621615,89.53914117,43.27718259
16_SimilarImage.jpg,07_Hues.jpg,0.02782101,31.11254219,0.329061166,0.632075756,0.009621615,89.53914117,44.77807722
05_Flared.jpg,19_SimilarImage.jpg,0.027971027,31.06583122,0.359711946,0.63669792,0.005673202,89.11378344,39.73164608
19_SimilarImage.jpg,05_Flared.jpg,0.027971027,31.06583122,0.359711946,0.63669792,0.005673202,89.11378344,44.88847084
05_Flared.jpg,16_SimilarImage.jpg,0.028174579,31.00285057,0.330884768,0.660973092,0.009468033,88.98992293,39.77683436
16_SimilarImage.jpg,05_Flared.jpg,0.028174579,31.00285057,0.330884768,0.660973092,0.009468033,88.98992293,44.6595807
18_SimilarImage.jpg,19_SimilarImage.jpg,0.028501408,30.90267662,0.361562107,0.611872929,-0.005819183,88.48231494,40.28051989
19_SimilarImage.jpg,18_SimilarImage.jpg,0.028501408,30.90267662,0.361562107,0.611872929,-0.005819183,88.48231494,44.76299049
17_SimilarImage.jpg,19_SimilarImage.jpg,0.028720208,30.83624843,0.350070692,0.613002602,-0.000427809,88.70494548,39.92249155
19_SimilarImage.jpg,17_SimilarImage.jpg,0.028720208,30.83624843,0.350070692,0.613002602,-0.000427809,88.70494548,44.70808435
16_SimilarImage.jpg,17_SimilarImage.jpg,0.028990569,30.75486664,0.332569925,0.622604028,0.000949844,88.42002017,44.45079772
17_SimilarImage.jpg,16_SimilarImage.jpg,0.028990569,30.75486664,0.332569925,0.622604028,0.000949844,88.42002017,39.9094446
07_Hues.jpg,19_SimilarImage.jpg,0.02908314,30.72717193,0.367495073,0.599865743,0.006850322,89.59702927,42.99718143
19_SimilarImage.jpg,07_Hues.jpg,0.02908314,30.72717193,0.367495073,0.599865743,0.006850322,89.59702927,44.77830952
16_SimilarImage.jpg,18_SimilarImage.jpg,0.029388433,30.63647274,0.347718368,0.606043313,-0.001024153,88.30553549,44.39391536
18_SimilarImage.jpg,16_SimilarImage.jpg,0.029388433,30.63647274,0.347718368,0.606043313,-0.001024153,88.30553549,40.15273154
